{
  "train_loss": [
    0.3089090242491828,
    0.17052051190800138,
    0.13060394237041473,
    0.10409797119299571,
    0.08439001737435659,
    0.07268865247468154,
    0.06179210262033674,
    0.056341654165585835,
    0.050396724836031595,
    0.04464210514989164,
    0.04253742778831058,
    0.03879557727509075,
    0.03608170983725124,
    0.03440511320829392,
    0.03243007991578844,
    0.030062486187285846,
    0.02867911323706309,
    0.02708639364937941,
    0.025352764327658546,
    0.025334195092651578,
    0.025255532309371564,
    0.02540221019387245,
    0.022604329854746658,
    0.02218289690150155,
    0.02358143831292788,
    0.021178557146257826,
    0.022119505019982656,
    0.021477453094389705,
    0.02225913106766012,
    0.020648067410124673,
    0.021501978450351292,
    0.020224310233030056,
    0.01956529333864649,
    0.020700020045373173,
    0.02034643180121978,
    0.02073437929418352,
    0.021264431739515727,
    0.021207592270109387,
    0.021141407632496622,
    0.020134180657068887,
    0.02136089183712999
  ],
  "val_loss": [
    0.16770609126091005,
    0.11857943931818009,
    0.07751696046590804,
    0.0592897948384285,
    0.04649708743095398,
    0.05035253537893295,
    0.03560653277635575,
    0.03280171195864678,
    0.03097421625852585,
    0.029317754989862443,
    0.0235973045617342,
    0.021648443669080735,
    0.023747415909171104,
    0.0258430584192276,
    0.02106459693312645,
    0.015301016148924828,
    0.017597329629957675,
    0.02044526171684265,
    0.014400874337553979,
    0.01242550581097603,
    0.014013901935517789,
    0.015424988460540771,
    0.015634493036568164,
    0.014602067598700523,
    0.014761196886003018,
    0.01276270340681076,
    0.015398272965848446,
    0.015857973082363606,
    0.015685775086283684,
    0.012680212320387364,
    0.01253758624792099,
    0.01759044731259346,
    0.016022389975190163,
    0.015987268333137034,
    0.013094988170266152,
    0.01530565785318613,
    0.014446192800998688,
    0.014579547967016698,
    0.01124088258445263,
    0.012463400238752365,
    0.012057838071882725
  ],
  "train_acc": [
    0.8688666666666667,
    0.9331555555555555,
    0.9490666666666666,
    0.9591777777777778,
    0.9676666666666667,
    0.9728444444444444,
    0.9758444444444444,
    0.9779333333333333,
    0.9808888888888889,
    0.9828666666666667,
    0.9837111111111111,
    0.9847333333333333,
    0.9868,
    0.9866222222222222,
    0.9872,
    0.9880666666666666,
    0.9890222222222222,
    0.9896666666666667,
    0.9897777777777778,
    0.9898888888888889,
    0.9902666666666666,
    0.9900666666666667,
    0.9914222222222222,
    0.9914666666666667,
    0.9908666666666667,
    0.9918444444444444,
    0.9909333333333333,
    0.9915111111111111,
    0.9910666666666667,
    0.9924,
    0.9916222222222222,
    0.9923111111111111,
    0.9924,
    0.9919111111111111,
    0.9916888888888888,
    0.9918222222222223,
    0.9916222222222222,
    0.9914222222222222,
    0.9916444444444444,
    0.9921333333333333,
    0.9916222222222222
  ],
  "val_acc": [
    0.9412,
    0.9618,
    0.972,
    0.9792,
    0.9804,
    0.9784,
    0.9856,
    0.9846,
    0.986,
    0.986,
    0.9882,
    0.9898,
    0.9886,
    0.9864,
    0.9902,
    0.9948,
    0.9912,
    0.99,
    0.9942,
    0.9962,
    0.994,
    0.9934,
    0.9928,
    0.9934,
    0.9932,
    0.9946,
    0.9926,
    0.9926,
    0.9926,
    0.9954,
    0.995,
    0.9906,
    0.9916,
    0.9916,
    0.9946,
    0.993,
    0.9932,
    0.9932,
    0.9956,
    0.9948,
    0.995
  ],
  "val_auc": [
    0.9879989391786529,
    0.9943183391913938,
    0.9973664694591473,
    0.9987513537243693,
    0.9991962477945718,
    0.9995784758517732,
    0.9996451234070368,
    0.9997294282366822,
    0.9998066355344685,
    0.9997773798543657,
    0.9998942294642437,
    0.9998983841170392,
    0.9998940563537105,
    0.9999189842704845,
    0.9999058278699648,
    0.9999530870455156,
    0.9999435659661923,
    0.9999196767126171,
    0.9999302364551393,
    0.9999542988192477,
    0.9999582803615102,
    0.9999556837035128,
    0.9999517021612504,
    0.9999499710559189,
    0.9999626081248391,
    0.9999672821092341,
    0.9999286784603411,
    0.9999539525981814,
    0.9999577610299107,
    0.9999646854512368,
    0.9999712636514967,
    0.999960357687908,
    0.9999638198985711,
    0.9999710905409634,
    0.9999600114668417,
    0.9999570685877782,
    0.9999579341404439,
    0.9999655510039026,
    0.999954645040314,
    0.9999686669934994,
    0.999963646788038
  ]
}